waiter_id,name,email,password,restaurant_id
1,"Amandie Kelberer",akelberer0@google.de,8HSNDbQs?,373319
2,"Natala Ciccottio",nciccottio1@amazonaws.com,xGjM#sg5&,167412
3,"Cynthy Hardan",chardan2@google.es,kX$0WjuLHO@,129691
4,"Lizzie Bickley",lbickley3@deviantart.com,ywQvrX!s5%cL,382249
5,"Wallie Dowdall",wdowdall4@oaic.gov.au,g*!bGTE7JyQc,102041
6,"Callean Coster",ccoster5@instagram.com,p1*34RqgnC,150497
7,"Rachelle Rowsell",rrowsell6@nba.com,i2t6OP#nr%71,552372
8,"Kacie Bordone",kbordone7@sphinn.com,I3u#P%4tDTz,263297
9,"Lucien Grew",lgrew8@oracle.com,Y@n815r9FEC,579047
10,"Paul Braunfeld",pbraunfeld9@cdbaby.com,9evPR!x?zW,432675
11,"Helli Hoogendorp",hhoogendorpa@dedecms.com,uSvq!j?YesEQ,405031
12,"Jess Halliday",jhallidayb@furl.net,YGT0@SO9F&f,545808
13,"Chane Aronowitz",caronowitzc@paginegialle.it,lRQW$6q1xBr,150497
14,"Steward Spleving",ssplevingd@google.nl,p$Wlzi!PBV3,410629
15,"Oswell Zanassi",ozanassie@360.cn,QkUZdRA%,387674
16,"Mill Myhan",mmyhanf@nsw.gov.au,czX86&y%vmF,376602
17,"Garrot Robeson",grobesong@weather.com,IP!QNg1Zrha,486482
18,"Kennith Claypool",kclaypoolh@mysql.com,B#2jS*TCz,536499
19,"Pepito Inett",pinetti@comcast.net,4*jlam9cG0,165533
20,"Tomkin Fright",tfrightj@etsy.com,BqaK79RhP#%f,448046
21,"Faye Haws",fhawsk@washington.edu,3hjNJu5#yP?,156587
22,"Kore Crathern",kcrathernl@over-blog.com,u1HW@bKj*i,97199
23,"Winifield Stapells",wstapellsm@examiner.com,qWaK%1k@Db,427610
24,"Errick Rusk",eruskn@etsy.com,$FlPyYwLj1,102582
25,"Kingsley Cammoile",kcammoileo@godaddy.com,TY2x*nLec?m,408059
26,"Nita Haton",nhatonp@ycombinator.com,yei$YUnWqOA,102577
27,"Karoly Waugh",kwaughq@chron.com,uoVDe!lpA,293915
28,"Marleah Tinto",mtintor@histats.com,GNQvTXU#,109550
29,"Pattie Neggrini",pneggrinis@arizona.edu,sb8&Ymnxi@vd,165530
30,"Romonda Copper",rcoppert@sphinn.com,aq2sI@j$J,133352
31,"Grantham Meeron",gmeeronu@stumbleupon.com,@r%Lz2MD7Wi,187921
32,"Melloney Lardiner",mlardinerv@nature.com,rc5*0?JdxN8,304302
33,"Cayla Gives",cgivesw@tumblr.com,!1vXJ@U6fQ,403754
34,"Ive Zink",izinkx@dion.ne.jp,fuBI@Cr5S$g,549633
35,"Cecilio Kahen",ckaheny@sphinn.com,ZvM@aKJG#,456922
36,"Edouard Terran",eterranz@360.cn,?r0*kCogN1,158203
37,"Meggie Simukov",msimukov10@networksolutions.com,?yLjAhwm,408059
38,"Brigida Bromet",bbromet11@pen.io,rg*YTH$91,164297
39,"Deina Valler",dvaller12@eepurl.com,PwX2e#Js,104147
40,"Sherie Bodycote",sbodycote13@house.gov,A8jF&yWbs%,501701
41,"Baxter Rignall",brignall14@spotify.com,6JQr5te?dq!W,397980
42,"Caria Conradie",cconradie15@pcworld.com,z%oMwhkI,154840
43,"Arlene Eakins",aeakins16@constantcontact.com,sG7x2DqL$CR,378028
44,"Celinda Aylett",caylett17@163.com,1f!Ch7&5vRM,104147
45,"Haze Lanfranchi",hlanfranchi18@people.com.cn,?w1%rG3uxm,97199
46,"Arlina Rushbury",arushbury19@home.pl,d8jM*3Wv$n,364571
47,"Ruperta Schleicher",rschleicher1a@tuttocitta.it,Uj8?ShO#z,475283
48,"Mag MacDermott",mmacdermott1b@a8.net,37%95ezlQ*,109550
49,"Reyna Epp",repp1c@weebly.com,S0Ho&gMRvTV,435582
50,"Mathias Ashmole",mashmole1d@fda.gov,4e!YyzAEX,225827
51,"Diann Crickmer",dcrickmer1e@shareasale.com,bsZu*3ON2,439487
52,"Gorden Dobbin",gdobbin1f@cdc.gov,0hw#Je3I!8M,374706
53,"Joachim Tregoning",jtregoning1g@yandex.ru,uqTl*zmXPx@,137701
54,"Luci Reith",lreith1h@etsy.com,aZeV!lMt6?,263185
55,"Curry Dowsett",cdowsett1i@qq.com,YD@PKXA54aZ,161405
56,"Cinderella Ryding",cryding1j@csmonitor.com,a@edchLMi9,342366
57,"Renata Caldeyroux",rcaldeyroux1k@friendfeed.com,q4X&NsHK9,410629
58,"Arlene MacDonald",amacdonald1l@dyndns.org,L$xSajkK,530909
59,"Fredelia Ottey",fottey1m@wikipedia.org,rkbfuQ!c,579040
60,"Michelina Robertacci",mrobertacci1n@gizmodo.com,iF%3Gxm#rPd,440811
61,"Salmon Screen",sscreen1o@upenn.edu,HsrElfm1?G!,530878
62,"Maxy Tiron",mtiron1p@thetimes.co.uk,@#dMYXg5n,143143
63,"Madonna Shutte",mshutte1q@wp.com,CdIUanpq!v,448046
64,"Matty Hentze",mhentze1r@qq.com,Rikyrht*pfm,158204
65,"Patience Fishpond",pfishpond1s@freewebs.com,ZCESL54qo*v,557008
66,"Nicholas Velasquez",nvelasquez1t@ted.com,5&wW2kd8c,427606
67,"Thatch Lampbrecht",tlampbrecht1u@nih.gov,I2N%bezZ3d,355563
68,"Curt McWhirter",cmcwhirter1v@geocities.jp,a5EVou!Xlvz,165532
69,"Brok Farrington",bfarrington1w@naver.com,F*tIfPmo4k,579040
70,"Abelard Haslam",ahaslam1x@disqus.com,vpb1Q#!r4,420675
71,"Garrot O'Flaverty",goflaverty1y@craigslist.org,4jNFpLW2$,385636
72,"Cher Chrishop",cchrishop1z@desdev.cn,*BRzx#dZL,183009
73,"Nicolais Webber",nwebber20@deliciousdays.com,vi8Te&lqaG,460692
74,"Sterne Pendleberry",spendleberry21@reuters.com,vU7rDZx*n?i,462070
75,"Jenica Runsey",jrunsey22@gravatar.com,HjWf2FDg#un,517939
76,"Armin Worcester",aworcester23@sphinn.com,jvVakwhB?,517814
77,"Jakob Twelftree",jtwelftree24@delicious.com,wD0&dtkg3JR,174464
78,"Knox Filson",kfilson25@mayoclinic.com,zMigI*SJ,263185
79,"Lutero Mosedall",lmosedall26@sun.com,#mKf2XxaY,461084
80,"Irving Stitt",istitt27@prlog.org,rinQxpKs9$,484449
81,"Collin Eat",ceat28@indiegogo.com,%3zK#oR6WfXt,187915
82,"Maisie Merrill",mmerrill29@nydailynews.com,WiMYgl2&BD6,508701
83,"Rosalie Gourlie",rgourlie2a@dropbox.com,ZzjyNcQ*5,403754
84,"Helen-elizabeth Bithany",hbithany2b@mapquest.com,*LCfIBjDW,225827
85,"Olympie Alelsandrowicz",oalelsandrowicz2c@opera.com,!3sJpGZIfh,531363
86,"Padriac Cobelli",pcobelli2d@engadget.com,zYm#t%yi3,127463
87,"Byrann Elan",belan2e@wordpress.org,7L&c#UGklFr,390478
88,"Jobyna Desvignes",jdesvignes2f@a8.net,pBPCfH2#n4,494588
89,"Pascale Readmire",preadmire2g@freewebs.com,$SpTz4ACXo,517814
90,"Valentine Pargent",vpargent2h@mashable.com,ah#qIEn$s,102039
91,"Francois Road",froad2i@quantcast.com,yTel*@Eac,382249
92,"Brandise Callam",bcallam2j@japanpost.jp,GNf*jav2h4,255651
93,"Marcos Dumpleton",mdumpleton2k@state.gov,1yKnZs#BOQ,487422
94,"Codi Kalberer",ckalberer2l@instagram.com,kgGA4$te,553999
95,"Christophe Burmaster",cburmaster2m@bigcartel.com,fmQc?A!snl,169281
96,"Issi Doxey",idoxey2n@paypal.com,3gS&5ONB,459776
97,"Leanna Lempenny",llempenny2o@github.com,lSMvH!8&V,510109
98,"Tony Connett",tconnett2p@dailymail.co.uk,k1ncvU!fNIu,165532
99,"Timoteo Pitkeathly",tpitkeathly2q@csmonitor.com,$t7sMfvp,102038
100,"Lorene Alexandre",lalexandre2r@reverbnation.com,IT!2qjB&te,109549
101,"Rea Banthorpe",rbanthorpe2s@ifeng.com,APgWB#Xu$hv,427610
102,"Lyndel Cadwaladr",lcadwaladr2t@clickbank.net,cDlTK!Pqoh,448046
103,"Milena Richard",mrichard2u@bloglines.com,rsz@toVu3h#,364627
104,"Randell Drever",rdrever2v@miitbeian.gov.cn,GrZnSEgHT&,531342
105,"Alexander Sneezum",asneezum2w@flavors.me,mX8LizD9*eI,244866
106,"Edan Threadgall",ethreadgall2x@theatlantic.com,Q@JHqIE1M,478348
107,"Maybelle Bugdell",mbugdell2y@house.gov,$FMwI%r8X,255651
108,"Trace Braundt",tbraundt2z@drupal.org,@BkJ$4jtXhw,567664
109,"Chicky Colbron",ccolbron30@canalblog.com,28#a?ix4n,484449
110,"Ellie Kegg",ekegg31@wikipedia.org,#MenLD9Z,102219
111,"Mose Cholton",mcholton32@yellowbook.com,@UJeji!g4x,302868
112,"Fax D'Ruel",fdruel33@statcounter.com,LjhT0POX$,376602
113,"Jorgan Freckelton",jfreckelton34@jimdo.com,pNXxHQz*O@i,459775
114,"Tam Mewrcik",tmewrcik35@merriam-webster.com,2DxuXa#7C,390901
115,"Torie Wilcox",twilcox36@adobe.com,1j#WrXQ*nP,302868
116,"Bing Tilte",btilte37@dailymotion.com,Jkd$aiKPf%7F,407243
117,"Patric Cuttle",pcuttle38@wsj.com,UusFIM!#J,226773
118,"Noella Sibthorpe",nsibthorpe39@blinklist.com,df$N4iqOg?Hk,113036
119,"Craggy Gerckens",cgerckens3a@eepurl.com,JDCYf?Gy@06o,127306
120,"Donnamarie O'Mullaney",domullaney3b@jimdo.com,UDP#c&2Wb,377434
121,"Floris Filipic",ffilipic3c@cyberchimps.com,Ta3nCq2*E@h,104481
122,"Deeanne Domanski",ddomanski3d@multiply.com,el&Bpf%gx,166971
123,"Leanor Meggison",lmeggison3e@time.com,Z!wTJSPQr,383716
124,"Marie-jeanne Chatteris",mchatteris3f@va.gov,1*Ed@TYqa,475283
125,"Allison Chislett",achislett3g@auda.org.au,C5QnIRS$@WB,374706
126,"Hermina Stratford",hstratford3h@ezinearticles.com,v%HnyJ7NP*LA,483552
127,"Lin Eburne",leburne3i@myspace.com,LtUYJnDW?,186289
128,"Austin Gullberg",agullberg3j@businesswire.com,s0bET?x5leN,382204
129,"Lil Schimek",lschimek3k@slate.com,K!#hqGo4b3,255651
130,"Kaspar Lampert",klampert3l@army.mil,BRbUEZT8!,494588
131,"Julissa Minnis",jminnis3m@last.fm,bL*BCSO8,163436
132,"Hazlett Cramphorn",hcramphorn3n@shareasale.com,%q1MpJ3x0CR#,451742
133,"Gilberte Gayton",ggayton3o@last.fm,h*PKzO&QNym,242722
134,"Lauryn Thake",lthake3p@qq.com,TaDRFyO!7$bf,494588
135,"Evie Sanney",esanney3q@alexa.com,v%uHVpDCx@,461084
136,"Win Jiroudek",wjiroudek3r@thetimes.co.uk,CW5c*Ei$UZDX,368328
137,"Stefanie Ingliss",singliss3s@patch.com,hEmP6rWs?2,161408
138,"Brenda Woodings",bwoodings3t@squarespace.com,9M1pAv3#!H,104481
139,"Brod Allinson",ballinson3u@weather.com,cq!kaA*Q8,533186
140,"Lanny Gussie",lgussie3v@shinystat.com,S0jKL6DkYZ$,431552
141,"Ab Mcimmie",amcimmie3w@ucla.edu,mk*%fUsdh4,410839
142,"Doralia Dartnell",ddartnell3x@earthlink.net,zp?f9K2H@,387674
143,"Shauna Vassbender",svassbender3y@joomla.org,A&apdo9DC#,428013
144,"Ivar Baxandall",ibaxandall3z@yandex.ru,GrF&HJL*N,163436
145,"Dwain Woodcock",dwoodcock40@jigsy.com,*CSLpTJQ%,282630
146,"Gerhardine Hush",ghush41@wikimedia.org,fS?Y1kBhM3q,263185
147,"Tally Pauluzzi",tpauluzzi42@wunderground.com,vZtHus@B?m,428013
148,"Ola Haydock",ohaydock43@ifeng.com,?9xIWsk4&m,497063
149,"Sawyere Bertolaccini",sbertolaccini44@hibu.com,$N#d3KzWD,102042
150,"Gery Roget",groget45@bbc.co.uk,m13J6*LNHzl,138890
151,"Brittne Grinnikov",bgrinnikov46@dyndns.org,qz3oMZU*w5,518803
152,"Paige Uccelli",puccelli47@eepurl.com,#wbVAdZl&,497063
153,"Westbrooke Milbank",wmilbank48@chicagotribune.com,Xgh$ZFJa!m,448046
154,"Sallee Banck",sbanck49@reverbnation.com,cVNJn%olW,430451
155,"Christiana Awde",cawde4a@flavors.me,1qCG5v*B?,387177
156,"Marius Ratnage",mratnage4b@opera.com,nOQuf5N#i&R,161396
157,"Tuckie O'Brallaghan",tobrallaghan4c@smh.com.au,NiOg*Ms?Q,553999
158,"Ciro Bovey",cbovey4d@cargocollective.com,zaB$k87N6#2,304302
159,"Chiquia Ody",cody4e@google.ca,$#QxDSLnHv,225921
160,"Jerome Gwilt",jgwilt4f@canalblog.com,I41seh&Lgak,558957
161,"Berry Meas",bmeas4g@barnesandnoble.com,$!ravZBAEksF,174458
162,"Somerset Chinery",schinery4h@printfriendly.com,sCg2t?Jl&DP,420675
163,"Goldarina Padley",gpadley4i@dagondesign.com,LZ@mtq7DH5,195788
164,"Charla Giriardelli",cgiriardelli4j@google.it,F?Y!VdA7UK,129691
165,"Celestine Tiffin",ctiffin4k@columbia.edu,54UDrE7Y&,497063
166,"Jo-ann Rentelll",jrentelll4l@tuttocitta.it,38KHP%ero@,263185
167,"Ermengarde Joderli",ejoderli4m@fotki.com,G1uR*7YZsKW,327008
168,"Tatiania Marchbank",tmarchbank4n@howstuffworks.com,vd$pPS1FI7@l,109550
169,"Jermain Largent",jlargent4o@theguardian.com,HRe#xEPDj6,164297
170,"Sherry Deme",sdeme4p@usa.gov,P#2KqlnfN9,536499
171,"Regan Hailes",rhailes4q@desdev.cn,wfr0Y7*Q,156542
172,"Kevan Bullier",kbullier4r@ifeng.com,on*baQE@4B7M,158195
173,"Rubie Ogborne",rogborne4s@msn.com,pz@E&hTQ1gW7,382204
174,"Lazare Gergely",lgergely4t@mapquest.com,dcB*xfC5,431115
175,"Rikki Simonnot",rsimonnot4u@smh.com.au,Cn?aBMsKTUx,550910
176,"Scarlet Passingham",spassingham4v@shinystat.com,Oz0ZXc76!,116273
177,"Robbyn Gaine of England",rgaine4w@symantec.com,2IrAq$e@6,397258
178,"Jacquette Yeldon",jyeldon4x@diigo.com,@1L5aUeyl,443028
179,"Roberta Letchford",rletchford4y@github.io,Or2D%jMIC83,550910
180,"Bert Reedy",breedy4z@addthis.com,7U9yBLve$,109550
181,"Myra A'field",mafield50@wp.com,@cYkugWe,113948
182,"Giordano Thunderman",gthunderman51@github.com,L2vzWM*S5x4,494588
183,"Lonni Wickerson",lwickerson52@hhs.gov,OY@WA7k!DCRw,503717
184,"Aurie Dankov",adankov53@github.com,uCPH*I#WK8En,327008
185,"Joann O'Dare",jodare54@elegantthemes.com,78?y3CHm,414252
186,"Emilee Dunlop",edunlop55@princeton.edu,f*uC9t#gd,431339
187,"Jeni Dignam",jdignam56@tripod.com,DtWckv@8Txu,459775
188,"Gena Westhoff",gwesthoff57@illinois.edu,*1Mjepa?b7,536328
189,"Luther Vinker",lvinker58@ibm.com,lL7OGm0&,484449
190,"Eula Jeremiah",ejeremiah59@taobao.com,%PnN27MTysu,383716
191,"Delmor Moreno",dmoreno5a@thetimes.co.uk,V8!t&v2Bu,102579
192,"Jack Isacke",jisacke5b@google.com.br,?XYe2L9w,263185
193,"Vergil McMearty",vmcmearty5c@microsoft.com,B9E5%IPvL4j,420637
194,"Andrej Jenks",ajenks5d@kickstarter.com,LqTxiBm%G,431115
195,"Mirabel Blumfield",mblumfield5e@ox.ac.uk,60cMiSZ$3*nr,431339
196,"Antonina Doeg",adoeg5f@springer.com,ciYwW!$mFI,461724
197,"Davis Paoli",dpaoli5g@telegraph.co.uk,#ZS2VhE49k@,124500
198,"Archaimbaud Salvage",asalvage5h@microsoft.com,?ceTu4HLxiD,338749
199,"Gracia Childs",gchilds5i@booking.com,a?CxfOA5L,368328
200,"Sayre Verny",sverny5j@youku.com,!9L&Ecsq2,428013
201,"Ad Erie",aerie5k@topsy.com,bKuiRmeS!U,370259
202,"Faulkner Huxster",fhuxster5l@opensource.org,3G2N#O$a9gC,166971
203,"Bernardo Bonnaire",bbonnaire5m@theglobeandmail.com,!ihtWSPjQ,518803
204,"Halette Hebble",hhebble5n@taobao.com,Er!9nAK8glG,282630
205,"Elmo Extil",eextil5o@accuweather.com,U2XMID@C&QL4,430451
206,"Dev Morshead",dmorshead5p@livejournal.com,m%8J5oOLXl,503717
207,"Georgi Broadis",gbroadis5q@plala.or.jp,Y@v*0iURncLF,531363
208,"Aigneis Barcke",abarcke5r@vkontakte.ru,yZP*kE&St,97199
209,"Olivia Shimony",oshimony5s@sphinn.com,Q*J3sdZ9DSq,432684
210,"Dorelia Pietsma",dpietsma5t@cocolog-nifty.com,AZ?MO14sx#w,517814
211,"Sonny Rowbrey",srowbrey5u@omniture.com,OU4Ypn?Lc,448046
212,"Darill Murford",dmurford5v@unicef.org,c@7UQTIBgn#,225827
213,"Debera Millar",dmillar5w@ezinearticles.com,CYiq7#yc$U,405031
214,"Legra Totman",ltotman5x@buzzfeed.com,JIVOQZ5$q%,126128
215,"Giraud Oxtiby",goxtiby5y@a8.net,q#fdDN7$hvs,489422
216,"Austen MacLeod",amacleod5z@domainmarket.com,yABqm&wn$LK,167412
217,"Rodrigo Gawler",rgawler60@nydailynews.com,yiZAQOH1o%,579047
218,"Alyda Parlott",aparlott61@prlog.org,&YLS6?jv1W7,109549
219,"Elsinore Drabble",edrabble62@intel.com,&HDfZrngU,137701
220,"Clyde McGerr",cmcgerr63@google.cn,!YtNzfro,518803
221,"Buffy Adamski",badamski64@squarespace.com,?O4WfoUia,165532
222,"Friedrick Rustedge",frustedge65@ftc.gov,2e!36vy#slGn,156542
223,"Rey Antcliffe",rantcliffe66@hubpages.com,Vo2iX*gyv6,440811
224,"Bryanty Keene",bkeene67@devhub.com,BJ0@AcPC,167412
225,"Emiline Hassekl",ehassekl68@lycos.com,XuqHLz5?f,116272
226,"Joaquin Deane",jdeane69@cornell.edu,5s%IDd8zv4G,355561
227,"Vicky Forre",vforre6a@alibaba.com,Ix3fZH&a,271964
228,"Kareem Bris",kbris6b@netscape.com,pY$@aKibZE3W,225827
229,"Jud Larratt",jlarratt6c@alexa.com,nKV87T0o%,533855
230,"Raquela Farndon",rfarndon6d@1688.com,3k@j!Arh6WF,109258
231,"Rebeka Pavlov",rpavlov6e@auda.org.au,W3?Ekq%869Us,518548
232,"Kathryn Scading",kscading6f@symantec.com,z!9@HQm8b4ja,383716
233,"Aubrette Rickesies",arickesies6g@livejournal.com,w*gGcPf%Qs8,156590
234,"Birdie Gomery",bgomery6h@networkadvertising.org,cPYv&Klbf89@,531342
235,"Ariella Toland",atoland6i@e-recht24.de,kZS?86$nVI,304302
236,"Evyn O'Crowley",eocrowley6j@cyberchimps.com,GX?ROsy3Y,549624
237,"Esmaria Flowers",eflowers6k@paginegialle.it,Yf#HT@WIe,158203
238,"Sancho Duggon",sduggon6l@usatoday.com,yHOeo4#Zk,109258
239,"Elyn Dyble",edyble6m@blogtalkradio.com,JiX1#sty,225827
240,"Antonin Torrent",atorrent6n@msn.com,$6FQJ%8EGpc,410629
241,"Rock Hirth",rhirth6o@meetup.com,!3wur*VMv80,132538
242,"Starlene McGettigan",smcgettigan6p@mac.com,@i2V9ktsQD,451743
243,"Cos Eble",ceble6q@prlog.org,HCTIu4$z?Z,368328
244,"Alastair Messom",amessom6r@shinystat.com,4v&s*Xh0Z,407249
245,"Sebastien Stetlye",sstetlye6s@samsung.com,L$N3&5lq0sAI,462172
246,"Gayler Learmonth",glearmonth6t@state.tx.us,P1iM!7IbGHd,545273
247,"Loni Martin",lmartin6u@prnewswire.com,2uJKS@GEVH6,138890
248,"Jessi Skitteral",jskitteral6v@guardian.co.uk,!aToKVZOtL,462070
249,"Margalit Abry",mabry6w@bizjournals.com,TcpvAEwnK%Z,431339
250,"Cori Egdell",cegdell6x@facebook.com,DMe@E8Tq,126128
251,"Brunhilde Velti",bvelti6y@reverbnation.com,BiE@31Wla,478936
252,"Ketti Doonican",kdoonican6z@bbc.co.uk,!eI1zcYDVL$f,187915
253,"Tamma Brammer",tbrammer70@salon.com,a?jhco%ZGM,186289
254,"Tull Mennithorp",tmennithorp71@uiuc.edu,#ICbc$dERUDM,377434
255,"Guillema Pinchen",gpinchen72@zimbio.com,eJxXYw*@H,153339
256,"Darcie MacConnell",dmacconnell73@abc.net.au,bV#vZNsP6GL,167412
257,"Raphael Stockhill",rstockhill74@about.com,t1ULq*&2K,186289
258,"Lolly Jeandel",ljeandel75@amazon.com,L#9G3EAgsoH,408059
259,"Moll McErlaine",mmcerlaine76@ask.com,9e6!kd3Ry%G,480203
260,"Dulcie Whiteson",dwhiteson77@japanpost.jp,bJ*ivGoHB!tS,102571
261,"Franklin Singers",fsingers78@tinypic.com,dECr%OPf7kH,163435
262,"Phillipe Syder",psyder79@ihg.com,hBNU2ml*X%F,377292
263,"Delilah Baison",dbaison7a@gnu.org,sR!DJoW%1e,321587
264,"Stu Vickarman",svickarman7b@jigsy.com,zoBPJt#6wc,102582
265,"Beauregard Simms",bsimms7c@webs.com,hZBW?dxn,533186
266,"Shannen Jennison",sjennison7d@freewebs.com,U*cXh5OBHs,483552
267,"Zebulon Beamont",zbeamont7e@nbcnews.com,JQRytI0x&r%1,129691
268,"Johnna Singleton",jsingleton7f@npr.org,C#*dUqHrx,109387
269,"Maryanne Bellefant",mbellefant7g@ning.com,Rdscur%EYX3@,308169
270,"Corette Tomicki",ctomicki7h@ed.gov,*duA!6D3H,461724
271,"Jeanne Waddilow",jwaddilow7i@hatena.ne.jp,%4FWjz8Ti,102579
272,"Jolynn Primo",jprimo7j@wiley.com,ePWvgfHI#F,351387
273,"Madlen Gregori",mgregori7k@is.gd,e3#N5hSj!,451743
274,"Adi Jeremaes",ajeremaes7l@deviantart.com,&!0MQWsey,543530
275,"Delainey Airy",dairy7m@pen.io,R2Bs&5Nv,129550
276,"Kevon Manie",kmanie7n@hatena.ne.jp,o?$J14RvhpDs,134569
277,"Lucienne Wiles",lwiles7o@godaddy.com,Y&M$jeyKiL3,567335
278,"Celestyn Bool",cbool7p@admin.ch,hFUzaMP*THB,390478
279,"Sammy Fredson",sfredson7q@chicagotribune.com,jlGnQxR?r,546139
280,"Karlik Mounce",kmounce7r@sciencedirect.com,zrUV*Wk@B,517814
281,"Davie Poulgreen",dpoulgreen7s@msu.edu,?#bLAfjox0B,124500
282,"Adams Wrintmore",awrintmore7t@harvard.edu,A*fIegu9o%i,508701
283,"Eli Gwillim",egwillim7u@ow.ly,0PXDK*#Ojd3,171675
284,"Gabbie Dilliston",gdilliston7v@mashable.com,$9iGclJw8,385938
285,"Finlay Walkling",fwalkling7w@dmoz.org,@FdVIs%Cw,539663
286,"Mikel Rayner",mrayner7x@boston.com,qW@ed7Ij,517939
287,"Bay Skeemer",bskeemer7y@epa.gov,OSvn&$0qaoPd,530878
288,"Jeff Pudner",jpudner7z@lycos.com,$4qVsdZ#JhX,487422
289,"Klara Pinchon",kpinchon80@dailymail.co.uk,st4j&VyDi,394554
290,"Harwell McCrostie",hmccrostie81@baidu.com,v1CRaXQt$N,373319
291,"Saloma Postians",spostians82@t-online.de,$bF1aJAmug2,101351
292,"Herschel Rochelle",hrochelle83@ibm.com,6yrsoR#H,374706
293,"Lorelei Collop",lcollop84@freewebs.com,x27E%lOb,102040
294,"Dwight Seden",dseden85@123-reg.co.uk,@5?YMRf98,397980
295,"Marty Beatty",mbeatty86@booking.com,dXFLeWCg$O,489362
296,"Kincaid Ronchka",kronchka87@mayoclinic.com,q@1gwWpi*U,433648
297,"Marie-ann Mc Gorley",mmc88@digg.com,1!8j3SwugVP,187912
298,"Starr Stanesby",sstanesby89@ebay.com,S7Jc3yE%,518803
299,"Junette Royste",jroyste8a@netvibes.com,?@8nzus01Qaj,109549
300,"Raquel Gillbard",rgillbard8b@scientificamerican.com,@PWG%jBRhEI2,549633
301,"Keir Swanger",kswanger8c@pbs.org,C!vh65Jf&,417020
302,"Emanuele Caulwell",ecaulwell8d@sphinn.com,Oow53gj*Z,545808
303,"Tasha Ranby",tranby8e@pbs.org,3R64*jm!FLe,377434
304,"Ingaborg Tingcomb",itingcomb8f@vinaora.com,NAwM4a@f9g,536499
305,"Leandra Haughian",lhaughian8g@gravatar.com,tyZJBW&@NeSY,417015
306,"Erik Dale",edale8h@xrea.com,NesEtV7Y!I?,368328
307,"Steffie Grummitt",sgrummitt8i@pbs.org,rGeNxn5l?pV,435582
308,"Suellen MacArthur",smacarthur8j@chronoengine.com,EtSRv?CMWq,420479
309,"Tito Horsted",thorsted8k@guardian.co.uk,crk8%hUANy,442180
310,"Althea Coy",acoy8l@github.com,HdmRq?3v$L,528374
311,"Cynthy Pavlasek",cpavlasek8m@de.vu,PtZk%KN5A,462172
312,"Urbano Findlow",ufindlow8n@amazon.co.jp,Gk#d4Y@CDhnq,364571
313,"Chiquia Capin",ccapin8o@oracle.com,%JYcaHvh,138890
314,"Rochell Digman",rdigman8p@intel.com,N*fR1Pg@3,126128
315,"Jermain Mesant",jmesant8q@technorati.com,#Cx&tKPqi,579047
316,"Carola Shailer",cshailer8r@blogtalkradio.com,dvPc%Un$4,109549
317,"Ian Kain",ikain8s@icq.com,kOJfgo0a@K,102631
318,"Sonny M'Quhan",smquhan8t@feedburner.com,wYIJ?u%Zi6nk,573656
319,"Melania Vettore",mvettore8u@pen.io,7D340oA*,523044
320,"Gertie Gallally",ggallally8v@baidu.com,fjAmZpIn6!x,102842
321,"Michal Methven",mmethven8w@redcross.org,uhbz7ap$oje,499377
322,"Luce Kinson",lkinson8x@loc.gov,jcdiT1*p9y,413451
323,"Ashli Pirson",apirson8y@msn.com,@&p6Fsy1IxS,567664
324,"Ezmeralda Pattemore",epattemore8z@tripadvisor.com,fYzy8eoBT&n,109387
325,"Alvy Lebourn",alebourn90@pen.io,7%O3Gw$nZYT,440811
326,"Antonio MacComiskey",amaccomiskey91@craigslist.org,xubyO1l7U$F,368328
327,"Kahlil Czaja",kczaja92@google.fr,UMvdg91&Op#s,141706
328,"Lexis Tufts",ltufts93@a8.net,5YzaGj?vUWF,167432
329,"Dody Benoy",dbenoy94@zdnet.com,bOM7uZDNK#,440811
330,"Jermaine Mars",jmars95@eepurl.com,PwYKC9r!Ft,403754
331,"Budd Abrey",babrey96@tripod.com,v@SUc3z!q2,282630
332,"Margarete Archdeacon",marchdeacon97@microsoft.com,UvSourhA&!,550910
333,"Iormina Danett",idanett98@tinypic.com,cb$DRev9W,385197
334,"Taffy Crollman",tcrollman99@loc.gov,ifaWL&FYn,255925
335,"Halette Minot",hminot9a@tiny.cc,L2om6&DK3Ng?,156601
336,"Mirabella Bohey",mbohey9b@nasa.gov,kO$JenwV0,390901
337,"Kaylyn Troop",ktroop9c@phoca.cz,sj?VtJQiC,102041
338,"Clarice Goodanew",cgoodanew9d@amazon.co.uk,Fde7j145Pb#,129691
339,"Monika Sommerville",msommerville9e@sbwire.com,fa1AlGz*Vt,225827
340,"Reeba Crunden",rcrunden9f@vkontakte.ru,csg&DRF%MTjW,161408
341,"Timmy Titford",ttitford9g@ed.gov,p?nab&AwR3J,545273
342,"Britte Carus",bcarus9h@360.cn,#t4lgy&U5i,141706
343,"Olivier Kerry",okerry9i@slideshare.net,uG9%#Z05RtfO,427610
344,"Maryann Moulster",mmoulster9j@ow.ly,L@tGmsD0od,518803
345,"Shanta Grouse",sgrouse9k@europa.eu,o2xlpi1k?9s*,417015
346,"Nicolette Sessions",nsessions9l@goo.ne.jp,zTB$?3QpaHv,186289
347,"Hattie Dendle",hdendle9m@archive.org,J5iVv9#E,461084
348,"Lorant Fidler",lfidler9n@myspace.com,w$tugm3RL,376602
349,"Trace Sprasen",tsprasen9o@rambler.ru,iz4A!uR3,134569
350,"Olympe Hazeldinee",ohazeldine9p@domainmarket.com,iW*xy?1Pg,158204
351,"Mohammed Tapper",mtapper9q@nature.com,u0LS?9!Qn3,533855
352,"Nannie Fuge",nfuge9r@newsvine.com,#xfaM$cSRPwA,497638
353,"Lishe Grunnell",lgrunnell9s@plala.or.jp,5s9GS7fgP*!,462505
354,"Galven Bottell",gbottell9t@hubpages.com,#$AXt9McK,355561
355,"Clio Klageman",cklageman9u@netvibes.com,OBK$@TkoXC,342366
356,"Kitti Eddleston",keddleston9v@unesco.org,%fG*4C9I0mH,104147
357,"Sean Tick",stick9w@yelp.com,L#WwjkDtTO,158192
358,"Zarla Flegg",zflegg9x@amazon.com,p0juz&Zb,432675
359,"Elspeth Cuddon",ecuddon9y@nymag.com,uID%taRgTh,530909
360,"Piggy Hutley",phutley9z@craigslist.org,z7&9Y4TcX,224008
361,"Leopold Richemond",lrichemonda0@newsvine.com,u3g#J0mky,382249
362,"Donal Hayfield",dhayfielda1@pinterest.com,$a9hQEAn,102042
363,"Christos Wetherhead",cwetherheada2@linkedin.com,@lf5g!U4A,189441
364,"Hurley Cashley",hcashleya3@t-online.de,8IVCz5@3EQm,417015
365,"Yoshiko Toma",ytomaa4@abc.net.au,?Z$Cl5OkNsU,439487
366,"Bradney Jeandet",bjeandeta5@domainmarket.com,3e!wo4fR,413342
367,"Vanessa Rentilll",vrentillla6@hatena.ne.jp,Uz2WJg@%3,187915
368,"Bentley Danskine",bdanskinea7@homestead.com,fsWEHR?O8J0%,102219
369,"Eileen Okie",eokiea8@home.pl,pTnt69dF!@,141706
370,"Berti Reddie",breddiea9@imdb.com,z7Z?XfUt&,166971
371,"Charo Stollwerck",cstollwerckaa@blogger.com,fagQ*4U2I,164297
372,"Desdemona Spelling",dspellingab@i2i.jp,6$swvqWH,102037
373,"Merrili Bestall",mbestallac@reverbnation.com,HUo3JnLT#%0t,489362
374,"Jaymee Padula",jpadulaad@sitemeter.com,h4ZrDi!?C,413342
375,"Dean Henkmann",dhenkmannae@google.cn,X&4rVi#2Pu6y,225827
376,"Frannie Veque",fvequeaf@seesaa.net,TtykC7OV$j,158193
377,"Ely Tordoff",etordoffag@senate.gov,sxoWe2OF?h,421155
378,"Ernie Durbyn",edurbynah@flickr.com,VFIDvETQ*ol,161396
379,"Britni Eddy",beddyai@amazon.co.uk,S&bimkg5vPN,102040
380,"Gilemette Cadreman",gcadremanaj@storify.com,vPz*aB#u0,263185
381,"Saidee Kumar",skumarak@so-net.ne.jp,?IRjQX%mA,374706
382,"Winona Fishleigh",wfishleighal@homestead.com,ICR4W6r$,414252
383,"Lorettalorna Perfitt",lperfittam@ameblo.jp,v@mKilTxOG$,433648
384,"Kyle Nussey",knusseyan@smugmug.com,?l7G2J9#f,440878
385,"Manfred Zeplin",mzeplinao@addtoany.com,A6BuKftY%s@o,549383
386,"Celestyna Fellini",cfelliniap@tripod.com,*ac18L9JGBp,403754
387,"Kain Haslum",khaslumaq@nps.gov,%l1WfgcH?,187915
388,"Rey Belli",rbelliar@ocn.ne.jp,o0ad%NnkBJ,390901
389,"Quillan Springall",qspringallas@hugedomains.com,#dzoC7k*p,158193
390,"Millard Pencott",mpencottat@homestead.com,Apg7RDlGI#C,102039
391,"Lynda Keith",lkeithau@youku.com,uSsa502%Mx,263297
392,"Pearce Colicot",pcolicotav@businesswire.com,27ODHb@yn,174458
393,"Chelsey Lannon",clannonaw@arstechnica.com,%37E8rVCXTa,503717
394,"Web Huet",whuetax@nymag.com,ZOD%PUKI,420479
395,"Alessandra Asche",aascheay@rambler.ru,Mn!%cumbN,500628
396,"Raye Lippitt",rlippittaz@about.me,wfog$JKSrhz,517814
397,"Cobb De La Coste",cdeb0@omniture.com,!cpwmZWP,553404
398,"Ferrell Troman",ftromanb1@globo.com,qPZpNF@6,374706
399,"Nikos Di Francesco",ndib2@posterous.com,3rMEJ2%wT,120193
400,"Latrena Sussams",lsussamsb3@altervista.org,*Sq5WdOebP,138890
401,"Elsinore Meldrum",emeldrumb4@amazon.co.uk,IC!5&VfZs,161408
402,"Helga Rainton",hraintonb5@hp.com,vgw*q5%ax,533855
403,"Maitilde Gindghill",mgindghillb6@plala.or.jp,jOsR602G*,476303
404,"Janie Poulglais",jpoulglaisb7@ebay.com,QiqrkvCh*J,102581
405,"Selestina Boxe",sboxeb8@list-manage.com,fhIF*TA0,567335
406,"Judon Daines",jdainesb9@ustream.tv,rROwge5%Mi&6,377434
407,"Dion Abramowitch",dabramowitchba@tamu.edu,pWm#0!iEU,163435
408,"Guy Geck",ggeckbb@netscape.com,#iZh*XxbOu,462070
409,"Augustus Baccus",abaccusbc@wp.com,v#TemA!hLDnq,536499
410,"Carmelita Breacher",cbreacherbd@so-net.ne.jp,3t%ZOCnvI!,387674
411,"Sydel Channing",schanningbe@accuweather.com,ujhw*6Wz,161396
412,"Ryun Llewelyn",rllewelynbf@seesaa.net,qVTA#2uj3,165532
413,"Tudor Kingswell",tkingswellbg@state.gov,#zgNBM0O!3W,440878
414,"Baron Matuszynski",bmatuszynskibh@indiegogo.com,#EJj5*mXTSD,459776
415,"Drucy Larchiere",dlarchierebi@alexa.com,d4Vv7W8E!,546139
416,"Neysa Bennison",nbennisonbj@lulu.com,tl1S*X2cyk,342366
417,"Nadia Longfield",nlongfieldbk@hubpages.com,mIVqO$oC,414252
418,"Alia Dundendale",adundendalebl@printfriendly.com,hiJI%t4wzy?V,263185
419,"Carolyn Barczewski",cbarczewskibm@gizmodo.com,$8Thj*DI5eU,440950
420,"Benedict McGillicuddy",bmcgillicuddybn@nba.com,l$4ov6bZz,420675
421,"Farlay Elliot",felliotbo@guardian.co.uk,RcI!FdVuG,134569
422,"Angeline Atlee",aatleebp@people.com.cn,exY!T1#tC,102219
423,"Shalne Elsley",selsleybq@deliciousdays.com,gbGHpY?!d,477628
424,"Chad Lantuff",clantuffbr@com.com,WcRm1l*2Gh,166613
425,"Susi Lawleff",slawleffbs@histats.com,4htIHJg2&?,549624
426,"Cobb Fendt",cfendtbt@omniture.com,FA3nIgDW#R,565260
427,"Vere Cadore",vcadorebu@thetimes.co.uk,pYH?GiAruE,104481
428,"Martino Bellward",mbellwardbv@apache.org,AhL*s#NKC,516171
429,"Cart Whatling",cwhatlingbw@nature.com,ySHY&LWIFR,102042
430,"Roana Van der Son",rvanbx@addtoany.com,6%AzNyvnm,104147
431,"Devonna O'Siaghail",dosiaghailby@un.org,MPfCl$bj,338749
432,"Fanechka Clemson",fclemsonbz@instagram.com,mEoVS!W?K,387177
433,"Dawn Hedney",dhedneyc0@godaddy.com,*AH9mskFW1,414252
434,"Raul Bryce",rbrycec1@imgur.com,*J6AuXD!H,546139
435,"Farly MacGahey",fmacgaheyc2@jiathis.com,Ws!0gTMX7kS,102582
436,"Xever Olander",xolanderc3@mapy.cz,f$mKu8Lkg,537808
437,"Emile Weldrick",eweldrickc4@state.gov,P%p7Zr5SY*N,165532
438,"Alaster Favela",afavelac5@latimes.com,G0%Csd7by,327008
439,"Vivianna Cranfield",vcranfieldc6@ed.gov,icA$JLQ2d,407249
440,"Briney Elan",belanc7@economist.com,TMb46jsyB3*$,385938
441,"Tomlin Redholls",tredhollsc8@tmall.com,O7%L*dhHpr,460692
442,"Morie Flippen",mflippenc9@nymag.com,lWcLu?Yi,543530
443,"Josselyn Suggett",jsuggettca@house.gov,XDhMTp?x,518819
444,"Lenore Jeffray",ljeffraycb@webs.com,2!vIHbF5,257181
445,"Aridatha Anfonsi",aanfonsicc@independent.co.uk,wUJ&q#7xfr,407243
446,"Celestina Loddy",cloddycd@mit.edu,?Yo*u4wpv,165533
447,"Nat Bowller",nbowllerce@sun.com,aZ!bdrxfm#y,549624
448,"Renate Hartness",rhartnesscf@businesswire.com,*g%3lJMn9h,489362
449,"Martainn Haseldine",mhaseldinecg@sogou.com,nZdBGQ!K9p,321587
450,"Alissa Rzehorz",arzehorzch@ask.com,Yk&QF6$ylN,377292
451,"Kamila Clearie",kclearieci@hhs.gov,cPi9Ta$h!dG,271964
452,"Emalee Swallwell",eswallwellcj@topsy.com,nJ!Xy1BVM$KW,554195
453,"Elfrieda Gartan",egartanck@example.com,viF#sNn4H!3,442180
454,"Hildegaard Sellens",hsellenscl@sciencedaily.com,$CPs0!QwT6,377292
455,"Rinaldo Diviny",rdivinycm@ibm.com,z2Oqn3#WQ%I9,553999
456,"Jillane Durbann",jdurbanncn@state.tx.us,yk9hq3$PVl&z,102042
457,"Vicki O'Nolan",vonolanco@pen.io,n?i0htwLQg,125180
458,"Garvy Watson",gwatsoncp@mashable.com,ZEbwrSU!fD,132538
459,"Dasi Mowlam",dmowlamcq@ovh.net,BJdm#EA0ut*8,189441
460,"Dmitri McLucas",dmclucascr@cyberchimps.com,1@wpSg8MjVu,437616
461,"Garnette Gales",ggalescs@fema.gov,BXCAisc?94,97199
462,"Annadiane Rockwill",arockwillct@adobe.com,lMt$&zU0hVS,440950
463,"Maxie Pickford",mpickfordcu@cnbc.com,F%6mxENqZ,486482
464,"Marilin Greatbach",mgreatbachcv@amazon.de,u8eip!13Ham,461084
465,"Myranda Nazaret",mnazaretcw@ihg.com,ZvsH?tzMR%Sf,519622
466,"Denney Rudkin",drudkincx@example.com,6H4mwAXE*p9,435582
467,"Lola Shadfourth",lshadfourthcy@mlb.com,bX&izQGpe3V,102219
468,"Hercule Canario",hcanariocz@auda.org.au,dzT6#v3E,420675
469,"Ginger Densham",gdenshamd0@jalbum.net,9tYo6I@Q!,459775
470,"Hewitt Metts",hmettsd1@nymag.com,horBqGx#2,373319
471,"Jeanelle Keelinge",jkeelinged2@opensource.org,Anjs&SU!tN,489362
472,"Corella Latham",clathamd3@weebly.com,#?q5CIv7m,508701
473,"Georgianne Aronov",garonovd4@wunderground.com,@f!9EBrQhJ,451742
474,"Frasco Smalcombe",fsmalcombed5@kickstarter.com,&EhievN$03L,390901
475,"Taddeo Zanassi",tzanassid6@unc.edu,8$nQNR5m,407243
476,"Emanuel Beilby",ebeilbyd7@last.fm,Eq@xLozJ8,460692
477,"Lucien Morrant",lmorrantd8@g.co,PB$94*eiGE,102582
478,"Carlynn Burtwhistle",cburtwhistled9@plala.or.jp,Ma%HByfF&nv,226299
479,"Korry Prium",kpriumda@yale.edu,MvRLOuis?#,293915
480,"Berri Ferreli",bferrelidb@domainmarket.com,!VgEqSBQ2b*a,242943
481,"Christie Rainbird",crainbirddc@sbwire.com,eadNt@oP3iF,351387
482,"Mordecai Brobak",mbrobakdd@nsw.gov.au,R3*EIWA4C#,489362
483,"Aldis Manwaring",amanwaringde@booking.com,7qoDuxN$aW,327008
484,"Sargent Coultas",scoultasdf@cdbaby.com,1bB$sl7ShP%r,390901
485,"Munmro Brugden",mbrugdendg@indiegogo.com,4J26R9i#8&,530909
486,"Tirrell Shadrack",tshadrackdh@behance.net,JdWM#tYA6,244866
487,"Cortney Ruston",crustondi@goodreads.com,QAZs!NS3,370259
488,"Gallagher Baughen",gbaughendj@dagondesign.com,dAt6VfBv%ps,431339
489,"Kenn Lowthorpe",klowthorpedk@nps.gov,ly!PmNiWga,549242
490,"Mauricio Brassington",mbrassingtondl@house.gov,@sQmX&8oHK,397980
491,"Catie Jadczak",cjadczakdm@yandex.ru,*OVRXrg&j,224008
492,"Faun Mordacai",fmordacaidn@mysql.com,dTn$e!Ry2XfH,174586
493,"Doy Landell",dlandelldo@reddit.com,3a@PAB!8VWp,580202
494,"Edythe Carlaw",ecarlawdp@google.es,MlDGwr*ktqf,302868
495,"Rebekah Cisneros",rcisnerosdq@netvibes.com,#IOuRhgZ,102631
496,"Neill Currie",ncurriedr@smh.com.au,XKIrs6Fz$0,131676
497,"Trey Athow",tathowds@nih.gov,4Syx8a#cU6,355561
498,"Forest Moorton",fmoortondt@nifty.com,IWNqA?C7o,420637
499,"Merrilee Ramelot",mramelotdu@youku.com,Pw$GUjCLXY&,530955
500,"Dayle Macourek",dmacourekdv@loc.gov,jU1Lv@bTlyK,580202
501,"Lauritz Karlik",lkarlikdw@paypal.com,L*Z9fIjhs,257181
502,"Bat Cairns",bcairnsdx@who.int,O!cFihNs&r,183009
503,"Sean Halloway",shallowaydy@sphinn.com,M6&JgSFH$PQy,156601
504,"Sansone Simcoe",ssimcoedz@dell.com,g0w?4QKr,478348
505,"Daniel Mullenger",dmullengere0@typepad.com,&Bbd?mMNrO,575990
506,"Laurella McCoughan",lmccoughane1@hibu.com,AS4k&gRV$fcH,462505
507,"Janelle Attwoull",jattwoulle2@squidoo.com,8Cx?BQj%rDm,546127
508,"Audie Smowton",asmowtone3@mapquest.com,mZ1#yr@hH,529171
509,"Adah Yele",ayelee4@amazon.co.uk,IWhau&VU@McJ,327008
510,"Barthel Latan",blatane5@cam.ac.uk,zQEscR%$Yp,129691
511,"Hildegaard Pidgin",hpidgine6@answers.com,$QReTGEsY9,143194
512,"Freda Burrells",fburrellse7@hp.com,s19Adbg*0O%,518548
513,"Theadora Knowller",tknowllere8@sun.com,#kAVn8Zo@Qc,489011
